01	01	01	1	ref
02	02	02	1	ref
03	03	03	1	ref
04	04	04	1	ref
05	05	05	1	ref
06A	06A	06A	1	ref
06B	06A	06B	1	ref
06C	06A	06C	1	ref
06D	06A	06D	1	ref
06E	06A	06E	1	ref
06F	06A	06F	1	ref
06G	06A	06G	1	ref
07A	07A	07A	1	ref
07B	07B	07B	1	ref
07C	07B	07C	1	ref
07F	07A	07F	1	ref
08	08	08	1	ref
09A	09A	09A	1	ref
09L	09A	09L	1	ref
09N	09A	09N	1	ref
09V	09A	09V	1	ref
10A	10A	10A	1	ref
10B	10A	10B	1	ref
10C	10C	10C	1	ref
10F	10C	10F	1	ref
10X	10X	10X	1	ref
11A	11A	11A	1	ref
11B	11A	11B	1	ref
11C	11A	11C	1	ref
11D	11A	11D	1	ref
11F	11A	11F	1	ref
11E	11A	11E	1	ref
12A	12A	12A	1	ref
12B	12A	12B	1	ref
12F	12A	12F	1	ref
13	13	13	1	ref
14	14	14	1	ref
15A	15A	15A	1	ref
15B	15A	15B	1	ref
15C	15A	15C	1	ref
15F	15A	15F	1	ref
16A	16A	16A	1	ref
16F	16F	16F	1	ref
17A	17A	17A	1	ref
17F	17F	17F	1	ref
18A	18A	18A	1	ref
18B	18A	18B	1	ref
18C	18A	18C	1	ref
18F	18A	18F	1	ref
19A	19A	19A	1	ref
19B	19B	19B	1	ref
19C	19B	19C	1	ref
19F	19F	19F	1	ref
20	20	20	1	ref
21	21	21	1	ref
22A	22A	22A	1	ref
22F	22A	22F	1	ref
23A	23A	23A	1	ref
23B	23A	23B	1	ref
23B1	23B1	23B1	1	ref
23F	23A	23F	1	ref
24A	24A	24A	1	ref
24B	24B	24B	1	ref
24F	24F	24F	1	ref
25A	25A	25A	1	ref
25F	25A	25F	1	ref
27	27	27	1	ref
28A	28A	28A	1	ref
28F	28A	28F	1	ref
29	29	29	1	ref
31	31	31	1	ref
32A	32A	32A	1	ref
32F	32F	32F	1	ref
33A	33A	33A	1	ref
33B	33B	33B	1	ref
33C	33C	33C	1	ref
33D	33B	33D	1	ref
33F	33A	33F	1	ref
34	34	34	1	ref
35A	35A	35A	1	ref
35B	35B	35B	1	ref
35D	35B	35D	1	ref
35C	35A	35C	1	ref
35F	35F	35F	1	ref
36	36	36	1	ref
37	33A	37	1	ref
38	25A	38	1	ref
39	39	39	1	ref
39X	39X	39X	1	ref
40	07B	40	1	ref
41A	41A	41A	1	ref
41F	41A	41F	1	ref
42	35A	42	1	ref
43	43	43	1	ref
44	12A	44	1	ref
45	45	45	1	ref
46	12A	46	1	ref
47A	47A	47A	1	ref
47F	47F	47F	1	ref
48	48	48	1	ref
HG264	19B	19B	0	genes	0
HG264	19B	19C	0	genes	1
gct	11A	11A	1	pseudo	0
gct	11A	11E	1	pseudo	0
gct	11A	11B	1	pseudo	1
gct	11A	11C	1	pseudo	0
gct	11A	11D	1	pseudo	0
gct	11A	11F	1	pseudo	1
wcjE	11A	11E	1	pseudo	1
wcjE	11A	11A	1	pseudo	0
glf	15A	15A	0	genes	0
glf	15A	15B	0	genes	0
glf	15A	15C	0	genes	0
glf	15A	15F	0	genes	1
glf	18A	18A	0	genes	0
glf	18A	18B	0	genes	1
glf	19B	19B	0	genes	0
glf	19B	19C	0	genes	1
mnp1_35A	35A	35A	0	snps	198	CGC
mnp1_35A	35A	35A	0	snps	288	GTT
mnp1_35A	35A	35A	0	snps	456	GGC
mnp1_35A	35A	35A	0	snps	540	GAC
mnp1_35A	35A	35A	0	snps	564	GAT
mnp1_35A	35A	35A	0	snps	594	CAC
mnp1_35C	35A	35C	0	snps	198	TGC
mnp1_35C	35A	35C	0	snps	288	CTT
mnp1_35C	35A	35C	0	snps	456	GAC
mnp1_35C	35A	35C	0	snps	540	GCC
mnp1_35C	35A	35C	0	snps	564	AAT
mnp1_35C	35A	35C	0	snps	594	TAT
mnp1_42	35A	42	0	snps	198	TGC
mnp1_42	35A	42	0	snps	288	CTT
mnp1_42	35A	42	0	snps	456	GAC
mnp1_42	35A	42	0	snps	540	GCC
mnp1_42	35A	42	0	snps	564	AAT
mnp1_42	35A	42	0	snps	594	TAT
rmlB	15A	15A	0	genes	0
rmlB	15A	15B	0	genes	0
rmlB	15A	15C	0	genes	0
rmlB	15A	15F	0	genes	1
rmlD	15A	15A	0	genes	0
rmlD	15A	15B	0	genes	0
rmlD	15A	15C	0	genes	0
rmlD	15A	15F	0	genes	1
tts	33A	33A	0	genes	0
tts	33A	33F	0	genes	0
tts	33A	37	0	genes	1
wchA-1	23A	23A	0	allele
wchA-2	23A	23B	0	allele
wchA-2	23A	23F	0	allele
wchA_09L	09A	09L	0	snps	504	TAT
wchA_09L	09A	09L	0	snps	879	CCA
wchA_09N	09A	09N	0	snps	504	TCT
wchA_09N	09A	09N	0	snps	879	TCA
wchL-1	15A	15A	0	allele
wchL-2	15A	15B	0	allele
wchL-2	15A	15C	0	allele
wchU	19B	19B	0	genes	0
wchU	19B	19C	0	genes	1
wciI-1	12A	12A	0	allele
wciI-1	12A	12B	0	allele
wciI-1	12A	44	0	allele
wciI-1	12A	46	0	allele
wciI-2	12A	12F	0	allele
wciN-1	06A	06A	0	allele
wciN-1	06A	06B	0	allele
wciN-1	06A	06G	0	allele
wciN-1	06A	06F	0	allele
wciN-1	33B	33B	0	allele
wciN-2	06A	06C	0	allele
wciN-2	06A	06D	0	allele
wciN-2	33B	33D	0	allele
wciN-3	06A	06E	0	allele
wciP_06A	06A	06A	0	snps	583	AGT
wciP_06B	06A	06B	0	snps	583	AAT
wciP_06C	06A	06C	0	snps	583	AGT
wciP_06D	06A	06D	0	snps	583	AAT
wciU_28A	28A	28A	0	snps	1024	ATA
wciU_28A	28A	28A	0	snps	1027	GCA
wciU_28A	28A	28A	0	snps	1036	TGT
wciU_28A	28A	28A	0	snps	118	TGT
wciU_28A	28A	28A	0	snps	214	ATA
wciU_28A	28A	28A	0	snps	253	ATG
wciU_28A	28A	28A	0	snps	736	CAA
wciU_28A	28A	28A	0	snps	739	CCA
wciU_28A	28A	28A	0	snps	742	GTT
wciU_28A	28A	28A	0	snps	751	GTA
wciU_28A	28A	28A	0	snps	769	AGT
wciU_28A	28A	28A	0	snps	781	AAA
wciU_28A	28A	28A	0	snps	838	TCA
wciU_28A	28A	28A	0	snps	880	GCT
wciU_28A	28A	28A	0	snps	883	GGA
wciU_28A	28A	28A	0	snps	892	GAA
wciU_28A	28A	28A	0	snps	895	CAA
wciU_28A	28A	28A	0	snps	913	GTA
wciU_28A	28A	28A	0	snps	985	ACG
wciU_28F	28A	28F	0	snps	1024	GTT
wciU_28F	28A	28F	0	snps	1027	CCA
wciU_28F	28A	28F	0	snps	1036	TGG
wciU_28F	28A	28F	0	snps	118	TAT
wciU_28F	28A	28F	0	snps	214	ATG
wciU_28F	28A	28F	0	snps	253	CTG
wciU_28F	28A	28F	0	snps	736	AAG
wciU_28F	28A	28F	0	snps	739	TCA
wciU_28F	28A	28F	0	snps	742	GCT
wciU_28F	28A	28F	0	snps	751	ATA
wciU_28F	28A	28F	0	snps	769	AAT
wciU_28F	28A	28F	0	snps	781	AAT
wciU_28F	28A	28F	0	snps	838	CCA
wciU_28F	28A	28F	0	snps	880	GTT
wciU_28F	28A	28F	0	snps	883	GAA
wciU_28F	28A	28F	0	snps	892	GAT
wciU_28F	28A	28F	0	snps	895	CGA
wciU_28F	28A	28F	0	snps	913	GCA
wciU_28F	28A	28F	0	snps	985	ATG
wciX	18A	18A	0	genes	0
wciX	18A	18B	0	genes	1
wciX	18A	18B	1	pseudo	1
wciX	18A	18C	0	genes	1
wciX	18A	18C	1	pseudo	0
wciX	18A	18F	0	genes	1
wciX	18A	18F	1	pseudo	0
wciZ	15A	15B	1	pseudo	0
wciZ	15A	15C	1	pseudo	1
wciG	35B	35B	1	pseudo	0
wciG	35B	35D	1	pseudo	1
wcjA_09L	09A	09L	0	snps	414	CAT
wcjA_09L	09A	09L	0	snps	429	GGT
wcjA_09L	09A	09L	0	snps	528	GAT
wcjA_09L	09A	09L	0	snps	636	GAT
wcjA_09L	09A	09L	0	snps	852	GCA
wcjA_09L	09A	09L	0	snps	957	ATT
wcjA_09N	09A	09N	0	snps	414	TAT
wcjA_09N	09A	09N	0	snps	429	AGT
wcjA_09N	09A	09N	0	snps	528	GGT
wcjA_09N	09A	09N	0	snps	636	AAT
wcjA_09N	09A	09N	0	snps	852	TCA
wcjA_09N	09A	09N	0	snps	957	ACT
wcjB_09L	09A	09L	0	snps	789	GCC
wcjB_09N	09A	09N	0	snps	789	ACC
wcjD	09A	09A	0	genes	1
wcjD	09A	09L	0	genes	0
wcjD	09A	09N	0	genes	0
wcjD	09A	09V	0	genes	1
wcjE	09A	09A	1	pseudo	1
wcjE	09A	09V	1	pseudo	0
wcjE	11A	11A	0	genes	1
wcjE	11A	11E	0	genes	1
wcjE	11A	11B	0	genes	0
wcjE	11A	11C	0	genes	0
wcjE	11A	11D	0	genes	1
wcjE	11A	11F	0	genes	1
wcjE	15A	15A	0	genes	0
wcjE	15A	15B	0	genes	0
wcjE	15A	15C	0	genes	0
wcjE	15A	15F	0	genes	1
wcjE	33A	33A	1	pseudo	0
wcjE	33A	33F	1	pseudo	1
wcrC-1	10A	10A	0	allele
wcrC-1	10C	10C	0	allele
wcrC-2	10A	10B	0	allele
wcrC-2	10C	10F	0	allele
wcrI_35A	35A	35A	0	snps	453	CAG
wcrI_35C	35A	35C	0	snps	453	CAG
wcrI_42	35A	42	0	snps	453	CGG
wcrK	35A	35A	1	pseudo	1
wcrK	35A	35C	1	pseudo	0
wcrK	35A	42	1	pseudo	0
wcrL_11A	11A	11A	0	snps	334	AAT
wcrL_11A	11A	11E	0	snps	334	AAT
wcrL_11D	11A	11D	0	snps	334	AGT
wcrL_11F	11A	11F	0	snps	334	GCT
wcrX	41A	41A	1	pseudo	1
wcrX	41A	41F	1	pseudo	0
wcwA	22A	22A	0	genes	1
wcwA	22A	22F	0	genes	0
wcwC	22A	22A	0	genes	1
wcwC	22A	22F	0	genes	0
wcwC_11A	11A	11A	0	genes	1
wcwC_11A	11A	11E	0	genes	1
wcwC_11A	11A	11B	0	genes	0
wcwC_11A	11A	11C	0	genes	0
wcwC_11A	11A	11D	0	genes	1
wcwC_11F	11A	11F	0	genes	1
wcwD	07A	07A	1	pseudo	1
wcwD	07A	07F	1	pseudo	0
wcwK_07B	07B	07B	0	snps	145	CTT
wcwK_07B	07B	07B	0	snps	385	TTT
wcwK_07B	07B	07B	0	snps	46	GAT
wcwK_07B	07B	07B	0	snps	487	ACT
wcwK_07B	07B	07B	0	snps	706	CAT
wcwK_07B	07B	07B	0	snps	880	CTT
wcwK_07B	07B	07B	0	snps	928	AAT
wcwK_07B	07B	07B	0	snps	937	GCA
wcwK_07B	07B	07B	0	snps	946	GGT
wcwK_07C	07B	07C	0	snps	145	CTT
wcwK_07C	07B	07C	0	snps	385	TGT
wcwK_07C	07B	07C	0	snps	46	GGT
wcwK_07C	07B	07C	0	snps	487	GCT
wcwK_07C	07B	07C	0	snps	706	CAT
wcwK_07C	07B	07C	0	snps	880	CTT
wcwK_07C	07B	07C	0	snps	928	AAT
wcwK_07C	07B	07C	0	snps	937	GAA
wcwK_07C	07B	07C	0	snps	946	GGT
wcwK_40	07B	40	0	snps	145	TTT
wcwK_40	07B	40	0	snps	385	ACT
wcwK_40	07B	40	0	snps	46	AAT
wcwK_40	07B	40	0	snps	487	ACT
wcwK_40	07B	40	0	snps	706	TAT
wcwK_40	07B	40	0	snps	880	TTT
wcwK_40	07B	40	0	snps	928	AGT
wcwK_40	07B	40	0	snps	937	GAA
wcwK_40	07B	40	0	snps	946	GAT
wcwR	11A	11A	0	genes	0
wcwR	11A	11E	0	genes	0
wcwR	11A	11B	0	genes	1
wcwR	11A	11C	0	genes	1
wcwR	11A	11D	0	genes	0
wcwR	11A	11F	0	genes	0
wcxD_12A	12A	12A	0	snps	781	TTG
wcxD_12A	12A	12A	0	snps	793	TAT
wcxD_12A	12A	12A	0	snps	805	TCA
wcxD_12A	12A	12A	0	snps	809	ATG
wcxD_12A	12A	12A	0	snps	812	GCA
wcxD_12A	12A	12A	0	snps	845	GCT
wcxD_12B	12A	12B	0	snps	781	TTG
wcxD_12B	12A	12B	0	snps	793	TAT
wcxD_12B	12A	12B	0	snps	805	TCA
wcxD_12B	12A	12B	0	snps	809	ATG
wcxD_12B	12A	12B	0	snps	812	GTA
wcxD_12B	12A	12B	0	snps	845	GCT
wcxD_12F	12A	12F	0	snps	781	TTG
wcxD_12F	12A	12F	0	snps	793	TAT
wcxD_12F	12A	12F	0	snps	805	TCA
wcxD_12F	12A	12F	0	snps	809	ATG
wcxD_12F	12A	12F	0	snps	812	GTA
wcxD_12F	12A	12F	0	snps	845	GCT
wcxD_44	12A	44	0	snps	781	TTG
wcxD_44	12A	44	0	snps	793	TAT
wcxD_44	12A	44	0	snps	805	TCA
wcxD_44	12A	44	0	snps	809	ATG
wcxD_44	12A	44	0	snps	812	GTA
wcxD_44	12A	44	0	snps	845	GCT
wcxD_46	12A	46	0	snps	781	ATG
wcxD_46	12A	46	0	snps	793	CAT
wcxD_46	12A	46	0	snps	805	CCA
wcxD_46	12A	46	0	snps	809	ACT
wcxD_46	12A	46	0	snps	812	GTA
wcxD_46	12A	46	0	snps	845	GTT
wcxF_12A	12A	12A	0	snps	1120	GCC
wcxF_12A	12A	12A	0	snps	256	GCC
wcxF_12A	12A	12A	0	snps	560	CTT
wcxF_12A	12A	12A	0	snps	703	ATA
wcxF_12A	12A	12A	0	snps	787	CTA
wcxF_12A	12A	12A	0	snps	889	GTT
wcxF_12A	12A	12A	0	snps	916	GGT
wcxF_12B	12A	12B	0	snps	1120	GCC
wcxF_12B	12A	12B	0	snps	256	GCC
wcxF_12B	12A	12B	0	snps	560	CTT
wcxF_12B	12A	12B	0	snps	703	CTA
wcxF_12B	12A	12B	0	snps	787	CTA
wcxF_12B	12A	12B	0	snps	889	GTT
wcxF_12B	12A	12B	0	snps	916	GGT
wcxF_12F	12A	12F	0	snps	1120	GCC
wcxF_12F	12A	12F	0	snps	256	GCC
wcxF_12F	12A	12F	0	snps	560	CTT
wcxF_12F	12A	12F	0	snps	703	CTA
wcxF_12F	12A	12F	0	snps	787	CTA
wcxF_12F	12A	12F	0	snps	889	GTT
wcxF_12F	12A	12F	0	snps	916	GGT
wcxF_44	12A	44	0	snps	1120	ACC
wcxF_44	12A	44	0	snps	256	GCC
wcxF_44	12A	44	0	snps	560	CCT
wcxF_44	12A	44	0	snps	703	CTA
wcxF_44	12A	44	0	snps	787	ATA
wcxF_44	12A	44	0	snps	889	GTT
wcxF_44	12A	44	0	snps	916	GCT
wcxF_46	12A	46	0	snps	1120	GCC
wcxF_46	12A	46	0	snps	256	ACC
wcxF_46	12A	46	0	snps	560	CTT
wcxF_46	12A	46	0	snps	703	CTA
wcxF_46	12A	46	0	snps	787	CTA
wcxF_46	12A	46	0	snps	889	ATT
wcxF_46	12A	46	0	snps	916	AGT
wcxM	18A	18A	0	genes	0
wcxM	18A	18B	0	genes	0
wcxM	18A	18C	0	genes	0
wcxM	18A	18F	0	genes	1
wcyC_25A	25A	25A	0	snps	429	GCT
wcyC_25A	25A	25A	0	snps	465	ACA
wcyC_25A	25A	25A	0	snps	573	GAA
wcyC_25A	25A	25A	0	snps	660	CGA
wcyC_25A	25A	25A	0	snps	891	ATG
wcyC_25A	25A	25A	0	snps	903	TGG
wcyC_25F	25A	25F	0	snps	429	ACT
wcyC_25F	25A	25F	0	snps	465	AAA
wcyC_25F	25A	25F	0	snps	573	GGA
wcyC_25F	25A	25F	0	snps	660	CTA
wcyC_25F	25A	25F	0	snps	891	CTG
wcyC_25F	25A	25F	0	snps	903	CGG
wcyC_38	25A	38	0	snps	429	GCT
wcyC_38	25A	38	0	snps	465	ACA
wcyC_38	25A	38	0	snps	573	GAA
wcyC_38	25A	38	0	snps	660	CGA
wcyC_38	25A	38	0	snps	891	ATG
wcyC_38	25A	38	0	snps	903	TGG
wcyD-1	25A	25A	0	allele
wcyD-1	25A	25F	0	allele
wcyD-2	25A	38	0	allele
wcyV	25A	25A	0	genes	0
wcyV	25A	25F	0	genes	0
wcyV	25A	38	0	genes	1
wzd-1	15A	15A	0	allele
wzd-2	15A	15B	0	allele
wzd-2	15A	15C	0	allele
wzh_35A	35A	35A	0	snps	465	AGG
wzh_35A	35A	35A	0	snps	525	CGT
wzh_35A	35A	35A	0	snps	528	TAT
wzh_35A	35A	35A	0	snps	567	CAG
wzh_35C	35A	35C	0	snps	465	AGG
wzh_35C	35A	35C	0	snps	525	CGT
wzh_35C	35A	35C	0	snps	528	TAT
wzh_35C	35A	35C	0	snps	567	CAG
wzh_42	35A	42	0	snps	465	ATG
wzh_42	35A	42	0	snps	525	CCT
wzh_42	35A	42	0	snps	528	GAT
wzh_42	35A	42	0	snps	567	CGT
wzy-1	23A	23A	0	allele
wzy-2	23A	23F	0	allele
wzy-3	23A	23B	0	allele
wzy_09L	09A	09L	0	snps	846	GAC
wzy_09N	09A	09N	0	snps	846	AAC
wzy_12A	12A	12A	0	snps	251	ATT
wzy_12B	12A	12B	0	snps	251	ACT
wzy_12F	12A	12F	0	snps	251	ACT
wzy_44	12A	44	0	snps	251	ACT
wzy_46	12A	46	0	snps	251	ACT
alternative_aliB_NT	alternative_aliB_NT	alternative_aliB_NT	1	ref
Swiss_NT	Swiss_NT	Swiss_NT	1	ref
