#ariba_ref_name	ref_name	gene	var_only	flag	reads	cluster	ref_len	ref_base_assembled	pc_ident	ctg	ctg_len	ctg_cov	known_var	var_type	var_seq_type	known_var_change	has_known_var	ref_ctg_change	ref_ctg_effect	ref_start	ref_end	ref_nt	ctg_start	ctg_end	ctg_nt	smtls_total_depth	smtls_nts	smtls_nts_depth	var_description	free_text
23F	23F	0	0	531	3518	cluster	18651	18651	99.74	cluster.l15.c4.ctg.1	20130	21.8	0	.	n	.	0	G85A	SNP	85	85	G	570	570	A	17	A	17	.	.
23F	23F	0	0	531	3518	cluster	18651	18651	99.74	cluster.l15.c4.ctg.1	20130	21.8	0	.	n	.	0	C144T	SNP	144	144	C	629	629	T	13	T	13	.	.
23F	23F	0	0	531	3518	cluster	18651	18651	99.74	cluster.l15.c4.ctg.1	20130	21.8	0	.	n	.	0	G238C	SNP	238	238	G	723	723	C	22	C	22	.	.
23F	23F	0	0	531	3518	cluster	18651	18651	99.74	cluster.l15.c4.ctg.1	20130	21.8	0	.	n	.	0	T369G	SNP	369	369	T	854	854	G	19	G	19	.	.
23F	23F	0	0	531	3518	cluster	18651	18651	99.74	cluster.l15.c4.ctg.1	20130	21.8	0	.	n	.	0	T678C	SNP	678	678	T	1163	1163	C	26	C	26	.	.
23F	23F	0	0	531	3518	cluster	18651	18651	99.74	cluster.l15.c4.ctg.1	20130	21.8	0	.	n	.	0	G3718A	SNP	3718	3718	G	4203	4203	A	18	A	18	.	.
23F	23F	0	0	531	3518	cluster	18651	18651	99.74	cluster.l15.c4.ctg.1	20130	21.8	0	.	n	.	0	G4141A	SNP	4141	4141	G	4626	4626	A	26	A	26	.	.
23F	23F	0	0	531	3518	cluster	18651	18651	99.74	cluster.l15.c4.ctg.1	20130	21.8	0	.	n	.	0	C4163T	SNP	4163	4163	C	4648	4648	T	24	T	24	.	.
23F	23F	0	0	531	3518	cluster	18651	18651	99.74	cluster.l15.c4.ctg.1	20130	21.8	0	.	n	.	0	A4197G	SNP	4197	4197	A	4682	4682	G	21	G	21	.	.
23F	23F	0	0	531	3518	cluster	18651	18651	99.74	cluster.l15.c4.ctg.1	20130	21.8	0	.	n	.	0	T5205A	SNP	5205	5205	T	5690	5690	A	23	A	23	.	.
23F	23F	0	0	531	3518	cluster	18651	18651	99.74	cluster.l15.c4.ctg.1	20130	21.8	0	.	n	.	0	A7048G	SNP	7048	7048	A	7533	7533	G	40	G	40	.	.
23F	23F	0	0	531	3518	cluster	18651	18651	99.74	cluster.l15.c4.ctg.1	20130	21.8	0	.	n	.	0	A12397G	SNP	12397	12397	A	12882	12882	G	25	G	25	.	.
23F	23F	0	0	531	3518	cluster	18651	18651	99.74	cluster.l15.c4.ctg.1	20130	21.8	0	.	n	.	0	G15984T	SNP	15984	15984	G	16469	16469	T	16	T	16	.	.
23F	23F	0	0	531	3518	cluster	18651	18651	99.74	cluster.l15.c4.ctg.1	20130	21.8	0	.	n	.	0	G16139T	SNP	16139	16139	G	16624	16624	T	28	T	28	.	.
23F	23F	0	0	531	3518	cluster	18651	18651	99.74	cluster.l15.c4.ctg.1	20130	21.8	0	.	n	.	0	G16606A	SNP	16606	16606	G	17091	17091	A	18	A	18	.	.
23F	23F	0	0	531	3518	cluster	18651	18651	99.74	cluster.l15.c4.ctg.1	20130	21.8	0	.	n	.	0	T16813A	SNP	16813	16813	T	17298	17298	A	31	A	31	.	.
23F	23F	0	0	531	3518	cluster	18651	18651	99.74	cluster.l15.c4.ctg.1	20130	21.8	0	.	n	.	0	A16816T	SNP	16816	16816	A	17301	17301	T	31	T	31	.	.
23F	23F	0	0	531	3518	cluster	18651	18651	99.74	cluster.l15.c4.ctg.1	20130	21.8	0	.	n	.	0	C16819T	SNP	16819	16819	C	17304	17304	T	33	T	33	.	.
23F	23F	0	0	531	3518	cluster	18651	18651	99.74	cluster.l15.c4.ctg.1	20130	21.8	0	.	n	.	0	C16822T	SNP	16822	16822	C	17307	17307	T	32	T	32	.	.
23F	23F	0	0	531	3518	cluster	18651	18651	99.74	cluster.l15.c4.ctg.1	20130	21.8	0	.	n	.	0	G16825C	SNP	16825	16825	G	17310	17310	C	32	C	32	.	.
23F	23F	0	0	531	3518	cluster	18651	18651	99.74	cluster.l15.c4.ctg.1	20130	21.8	0	.	n	.	0	C17281T	SNP	17281	17281	C	17766	17766	T	21	T	21	.	.
23F	23F	0	0	531	3518	cluster	18651	18651	99.74	cluster.l15.c4.ctg.1	20130	21.8	0	.	n	.	0	A17284G	SNP	17284	17284	A	17769	17769	G	21	G	21	.	.
23F	23F	0	0	531	3518	cluster	18651	18651	99.74	cluster.l15.c4.ctg.1	20130	21.8	0	.	n	.	0	A17287G	SNP	17287	17287	A	17772	17772	G	23	G	23	.	.
23F	23F	0	0	531	3518	cluster	18651	18651	99.74	cluster.l15.c4.ctg.1	20130	21.8	0	.	n	.	0	C17290T	SNP	17290	17290	C	17775	17775	T	22	T	22	.	.
23F	23F	0	0	531	3518	cluster	18651	18651	99.74	cluster.l15.c4.ctg.1	20130	21.8	0	.	n	.	0	C17293T	SNP	17293	17293	C	17778	17778	T	22	T	22	.	.
23F	23F	0	0	531	3518	cluster	18651	18651	99.74	cluster.l15.c4.ctg.1	20130	21.8	0	.	n	.	0	T17299A	SNP	17299	17299	T	17784	17784	A	21	A	21	.	.
23F	23F	0	0	531	3518	cluster	18651	18651	99.74	cluster.l15.c4.ctg.1	20130	21.8	0	.	n	.	0	G17302A	SNP	17302	17302	G	17787	17787	A	22	A	22	.	.
23F	23F	0	0	531	3518	cluster	18651	18651	99.74	cluster.l15.c4.ctg.1	20130	21.8	0	.	n	.	0	T17305C	SNP	17305	17305	T	17790	17790	C	22	C	22	.	.
23F	23F	0	0	531	3518	cluster	18651	18651	99.74	cluster.l15.c4.ctg.1	20130	21.8	0	.	n	.	0	T17308C	SNP	17308	17308	T	17793	17793	C	22	C	22	.	.
23F	23F	0	0	531	3518	cluster	18651	18651	99.74	cluster.l15.c4.ctg.1	20130	21.8	0	.	n	.	0	C17311T	SNP	17311	17311	C	17796	17796	T	22	T	22	.	.
23F	23F	0	0	531	3518	cluster	18651	18651	99.74	cluster.l15.c4.ctg.1	20130	21.8	0	.	n	.	0	C17315T	SNP	17315	17315	C	17800	17800	T	23	T	23	.	.
23F	23F	0	0	531	3518	cluster	18651	18651	99.74	cluster.l15.c4.ctg.1	20130	21.8	0	.	n	.	0	A17317G	SNP	17317	17317	A	17802	17802	G	22	G	22	.	.
23F	23F	0	0	531	3518	cluster	18651	18651	99.74	cluster.l15.c4.ctg.1	20130	21.8	0	.	n	.	0	T17320C	SNP	17320	17320	T	17805	17805	C	22	C	22	.	.
23F	23F	0	0	531	3518	cluster	18651	18651	99.74	cluster.l15.c4.ctg.1	20130	21.8	0	.	n	.	0	A17323T	SNP	17323	17323	A	17808	17808	T	21	T	21	.	.
23F	23F	0	0	531	3518	cluster	18651	18651	99.74	cluster.l15.c4.ctg.1	20130	21.8	0	.	n	.	0	T17326C	SNP	17326	17326	T	17811	17811	C	21	C	21	.	.
23F	23F	0	0	531	3518	cluster	18651	18651	99.74	cluster.l15.c4.ctg.1	20130	21.8	0	.	n	.	0	T17356C	SNP	17356	17356	T	17841	17841	C	23	C	23	.	.
23F	23F	0	0	531	3518	cluster	18651	18651	99.74	cluster.l15.c4.ctg.1	20130	21.8	0	.	n	.	0	T17511C	SNP	17511	17511	T	17996	17996	C	14	C	14	.	.
23F	23F	0	0	531	3518	cluster	18651	18651	99.74	cluster.l15.c4.ctg.1	20130	21.8	0	.	n	.	0	G17596A	SNP	17596	17596	G	18081	18081	A	16	A	16	.	.
23F	23F	0	0	531	3518	cluster	18651	18651	99.74	cluster.l15.c4.ctg.1	20130	21.8	0	.	n	.	0	G17713A	SNP	17713	17713	G	18198	18198	A	19	A	19	.	.
23F	23F	0	0	531	3518	cluster	18651	18651	99.74	cluster.l15.c4.ctg.1	20130	21.8	0	.	n	.	0	G17914A	SNP	17914	17914	G	18399	18399	A	28	A	28	.	.
23F	23F	0	0	531	3518	cluster	18651	18651	99.74	cluster.l15.c4.ctg.1	20130	21.8	0	.	n	.	0	C17918A	SNP	17918	17918	C	18403	18403	A	27	A	27	.	.
23F	23F	0	0	531	3518	cluster	18651	18651	99.74	cluster.l15.c4.ctg.1	20130	21.8	0	.	n	.	0	G17931A	SNP	17931	17931	G	18416	18416	A	26	A	26	.	.
23F	23F	0	0	531	3518	cluster	18651	18651	99.74	cluster.l15.c4.ctg.1	20130	21.8	0	.	n	.	0	G18014A	SNP	18014	18014	G	18499	18499	A	20	A	20	.	.
23F	23F	0	0	531	3518	cluster	18651	18651	99.74	cluster.l15.c4.ctg.1	20130	21.8	0	.	n	.	0	A18062G	SNP	18062	18062	A	18547	18547	G	15	G	15	.	.
23F	23F	0	0	531	3518	cluster	18651	18651	99.74	cluster.l15.c4.ctg.1	20130	21.8	0	.	n	.	0	A18105G	SNP	18105	18105	A	18590	18590	G	23	G	23	.	.
23F	23F	0	0	531	3518	cluster	18651	18651	99.74	cluster.l15.c4.ctg.1	20130	21.8	0	.	n	.	0	T18120C	SNP	18120	18120	T	18605	18605	C	21	C	21	.	.
23F	23F	0	0	531	3518	cluster	18651	18651	99.74	cluster.l15.c4.ctg.1	20130	21.8	0	.	n	.	0	C18186A	SNP	18186	18186	C	18671	18671	A	25	A	25	.	.
23F	23F	0	0	531	3518	cluster	18651	18651	99.74	cluster.l15.c4.ctg.1	20130	21.8	0	.	n	.	0	T18189C	SNP	18189	18189	T	18674	18674	C	26	C	26	.	.
23F	23F	0	0	531	3518	cluster	18651	18651	99.74	cluster.l15.c4.ctg.1	20130	21.8	0	.	n	.	0	G18491A	SNP	18491	18491	G	18976	18976	A	21	A	21	.	.
#ariba_ref_name	ref_name	gene	var_only	flag	reads	cluster	ref_len	ref_base_assembled	pc_ident	ctg	ctg_len	ctg_cov	known_var	var_type	var_seq_type	known_var_change	has_known_var	ref_ctg_change	ref_ctg_effect	ref_start	ref_end	ref_nt	ctg_start	ctg_end	ctg_nt	smtls_total_depth	smtls_nts	smtls_nts_depth	var_description	free_text
wchA_2	wchA_2	1	0	539	314	cluster	1368	1368	99.71	cluster.l15.c30.ctg.1	2348	16.7	0	.	p	.	0	C42Y	NONSYN	124	126	TGT	613	615	TAT	18;18;18	T;A;T	18;18;18	.	.
wchA_2	wchA_2	1	0	539	314	cluster	1368	1368	99.71	cluster.l15.c30.ctg.1	2348	16.7	0	.	p	.	0	G183E	NONSYN	547	549	GGG	1036	1038	GAG	26;26;26	G;A;G	26;26;26	.	.
wchA_2	wchA_2	1	0	539	314	cluster	1368	1368	99.71	cluster.l15.c30.ctg.1	2348	16.7	0	.	p	.	0	S202G	NONSYN	604	606	AGT	1093	1095	GGT	21;21;21	G;G;T	21;21;21	.	.
wzy_2	wzy_2	1	0	27	336	cluster_1	1194	1194	99.92	cluster_1.l15.c17.ctg.1	2156	19.5	.	.	.	.	.	.	.	.	.	.	.	.	.	.	.	.	.	.
